Wilayah_Kode,Total_Volume,NPL_30_Count,NPL_30_Rate_Pct,NPL_90_Count,NPL_90_Rate_Pct,Beta_Koefisien,Odds_Ratio,p_value,CI_95_Lower,CI_95_Upper,Risk_Tier
TGR,5971,246,4.12,179,3.0,0.0,1.0,,1.0,1.0,Klaster 1: Prime Low-Risk
TNG,3072,152,4.95,98,3.19,0.158,1.171,0.13628433133241058,0.951,1.442,Klaster 1: Prime Low-Risk
DPK,3865,195,5.05,128,3.31,0.2122,1.236,0.031335283358976944,1.019,1.5,Klaster 1: Prime Low-Risk
CKG,6149,312,5.07,224,3.64,0.2437,1.276,0.005424181658504326,1.075,1.515,Klaster 1: Prime Low-Risk
CBI,7926,411,5.19,278,3.51,0.2068,1.23,0.01246107081334738,1.046,1.446,Klaster 1: Prime Low-Risk
BKS,7955,453,5.69,324,4.07,0.3718,1.45,4.979229071556655e-06,1.236,1.701,Klaster 2: Core Medium
KYB,3860,225,5.83,163,4.22,0.3891,1.476,4.268436647928319e-05,1.225,1.778,Klaster 2: Core Medium
GGP,4964,301,6.06,229,4.61,0.4149,1.514,2.792987189455232e-06,1.273,1.801,Klaster 2: Core Medium
CKR,8056,547,6.79,451,5.6,0.5637,1.757,9.807207471394304e-13,1.505,2.052,Klaster 2: Core Medium
SRG,4984,357,7.16,300,6.02,0.621,1.861,3.847773014374914e-13,1.574,2.2,Klaster 2: Core Medium
SOR,5629,403,7.16,341,6.06,0.5197,1.682,4.942815008938782e-10,1.428,1.981,Klaster 2: Core Medium
CJR,3286,236,7.18,204,6.21,0.5524,1.737,4.53121131188939e-09,1.444,2.09,Klaster 2: Core Medium
SBR,4715,340,7.21,277,5.87,0.6049,1.831,2.5747327188135443e-12,1.546,2.169,Klaster 2: Core Medium
KWG,10068,727,7.22,621,6.17,0.6173,1.854,4.2143694745068383e-16,1.598,2.151,Klaster 2: Core Medium
LAINNYA,43323,3315,7.65,2728,6.3,0.6235,1.866,3.7299405552944196e-20,1.633,2.131,Klaster 2: Core Medium
SBM,3378,300,8.88,254,7.52,0.7653,2.15,1.0088362194714457e-17,1.805,2.561,Klaster 3: High Risk Zone
SNG,4484,406,9.05,344,7.67,0.8223,2.276,8.69943271306767e-23,1.931,2.681,Klaster 3: High Risk Zone
BDG,3448,314,9.11,271,7.86,0.7843,2.191,7.698435546094538e-19,1.842,2.606,Klaster 3: High Risk Zone
GRT,4360,400,9.17,342,7.84,0.8193,2.269,1.8124841901604714e-22,1.924,2.675,Klaster 3: High Risk Zone
