Faktor Risiko,Kategori,N Total,N Macet,NPL Rate (%),Chi-Square (df),p-value,Cramer's V,Crude OR,95% CI OR
Kepemilikan STNK,A/N ORANG LAIN,75995,6504,8.56,704.0 (1),4.0394e-155,0.071,1.802,"[1.724, 1.883]"
Kepemilikan STNK,A/N SENDIRI,63498,3136,4.94,704.0 (1),4.0394e-155,0.071,0.555,"[0.531, 0.580]"
Status Pajak STNK,Pajak Aktif,49104,3543,7.22,10.9 (1),9.8625e-04,0.009,1.075,"[1.030, 1.122]"
Status Pajak STNK,Pajak Tidak Aktif,90389,6097,6.75,10.9 (1),9.8625e-04,0.009,0.93,"[0.891, 0.971]"
Merk Motor,Honda,106611,7085,6.65,49.7 (3),9.3063e-11,0.019,0.845,"[0.806, 0.886]"
Merk Motor,Kawasaki,1117,91,8.15,49.7 (3),9.3063e-11,0.019,1.197,"[0.965, 1.484]"
Merk Motor,LAINNYA,529,40,7.56,49.7 (3),9.3063e-11,0.019,1.102,"[0.798, 1.523]"
Merk Motor,Yamaha,31236,2424,7.76,49.7 (3),9.3063e-11,0.019,1.178,"[1.123, 1.236]"
Skala Pinjaman Pokok,< Rp 1 Juta,27537,1865,6.77,22.9 (2),1.0489e-05,0.013,0.973,"[0.924, 1.026]"
Skala Pinjaman Pokok,> Rp 2 Juta,53617,3922,7.31,22.9 (2),1.0489e-05,0.013,1.106,"[1.061, 1.154]"
Skala Pinjaman Pokok,Rp 1 - 2 Juta,58339,3853,6.6,22.9 (2),1.0489e-05,0.013,0.921,"[0.883, 0.961]"
Kelompok Usia Motor,0-3 thn (Sangat Baru),29877,1766,5.91,100.3 (3),1.3307e-21,0.027,0.812,"[0.770, 0.856]"
Kelompok Usia Motor,4-6 thn (Sedang),36140,2352,6.51,100.3 (3),1.3307e-21,0.027,0.918,"[0.874, 0.963]"
Kelompok Usia Motor,7-9 thn (Lama),45070,3329,7.39,100.3 (3),1.3307e-21,0.027,1.113,"[1.066, 1.163]"
Kelompok Usia Motor,>=10 thn (Tua),28406,2193,7.72,100.3 (3),1.3307e-21,0.027,1.164,"[1.108, 1.223]"
Zona LTV,36%-40%,64682,5110,7.9,186.5 (2),3.1999e-41,0.037,1.331,"[1.277, 1.387]"
Zona LTV,41%-50%,15892,1011,6.36,186.5 (2),3.1999e-41,0.037,0.905,"[0.846, 0.968]"
Zona LTV,<=35%,58919,3519,5.97,186.5 (2),3.1999e-41,0.037,0.773,"[0.740, 0.806]"
Riwayat Nasabah (Repeat vs Baru),0,90190,8310,9.21,2103.0 (1),0.0000e+00,0.123,3.661,"[3.451, 3.883]"
Riwayat Nasabah (Repeat vs Baru),1,49303,1330,2.7,2103.0 (1),0.0000e+00,0.123,0.273,"[0.258, 0.290]"
