Model,Variable,Coefficient (Beta),Standard Error,z-statistic,p-value,Odds Ratio (OR),CI 95% Lower,CI 95% Upper,Target
Model 0 (Null Model),Intercept,-2.832340773445937,0.011684319459621825,-242.4052836995616,0.0,0.05887487949475085,0.057541916234055177,0.060238720959904256,NPL_90
Model 1 (Core Risk Model),Intercept,-4.3324347237781,0.07198569492696481,-60.18466208006602,0.0,0.013135527145271568,0.011407045442148855,0.015125921454351885,NPL_90
Model 1 (Core Risk Model),"C(kondisi_stnk, Treatment(reference='A/N SENDIRI'))[T.A/N ORANG LAIN]",0.7029911878479479,0.02587350919357757,27.170306995791947,1.457507557746456e-162,2.0197852378157086,1.9199133247760087,2.124852384872222,NPL_90
Model 1 (Core Risk Model),"C(pajak_status, Treatment(reference='Pajak Tidak Aktif'))[T.Pajak Aktif]",-0.014848478859263404,0.02463933749749461,-0.602633039982233,0.5467528355183775,0.9852612161968989,0.9388113802476274,1.0340092638051994,NPL_90
Model 1 (Core Risk Model),"C(merk_group, Treatment(reference='Honda'))[T.Kawasaki]",-0.13839319255779564,0.12091495195846776,-1.1445498701048267,0.252395668338931,0.8707562495503716,0.6870266857767567,1.103620080308503,NPL_90
Model 1 (Core Risk Model),"C(merk_group, Treatment(reference='Honda'))[T.LAINNYA]",-0.19800699976261615,0.19914241285928505,-0.9942984867946177,0.320077572186093,0.8203641107636993,0.5552599165461538,1.2120400810044332,NPL_90
Model 1 (Core Risk Model),"C(merk_group, Treatment(reference='Honda'))[T.Yamaha]",0.06825099062317407,0.027796902509867005,2.4553451809584597,0.01407493652285976,1.0706339938519174,1.0138653068068932,1.1305812923033873,NPL_90
Model 1 (Core Risk Model),usia_kendaraan_thn,0.07356454060236975,0.005381297604393608,13.670409260083911,1.5253486902619202e-42,1.076338001933201,1.0650453613887942,1.0877503779697175,NPL_90
Model 1 (Core Risk Model),pinjaman_juta,0.28835660674601615,0.018913990882672052,15.245677579880429,1.7589868456006563e-52,1.334233015791537,1.2856775630645023,1.3846222346643444,NPL_90
Model 2 (Core + LTV_MAX),Intercept,-3.671656762788528,0.09763636283032162,-37.605423393017574,1.752798994072177e-309,0.025434296424697956,0.021004459271954577,0.030798385535359008,NPL_90
Model 2 (Core + LTV_MAX),"C(kondisi_stnk, Treatment(reference='A/N SENDIRI'))[T.A/N ORANG LAIN]",0.5984387856515666,0.028099487548497976,21.29714232754951,1.206612284940793e-100,1.819276301826917,1.721790610758806,1.9222815142024645,NPL_90
Model 2 (Core + LTV_MAX),"C(pajak_status, Treatment(reference='Pajak Tidak Aktif'))[T.Pajak Aktif]",0.02846557439265761,0.025172126783790993,1.1308370817116398,0.25812366924438557,1.0288745905921854,0.9793454021227022,1.0809086568148378,NPL_90
Model 2 (Core + LTV_MAX),"C(merk_group, Treatment(reference='Honda'))[T.Kawasaki]",-0.27505372974340364,0.12217902981726424,-2.2512351764028966,0.024370646045022315,0.7595313127060702,0.5977873275401098,0.9650385486672912,NPL_90
Model 2 (Core + LTV_MAX),"C(merk_group, Treatment(reference='Honda'))[T.LAINNYA]",-0.2441223040201863,0.19933047986019736,-1.2247113647215628,0.22068399064117095,0.7833918164349981,0.530039967147296,1.1578423818873649,NPL_90
Model 2 (Core + LTV_MAX),"C(merk_group, Treatment(reference='Honda'))[T.Yamaha]",0.045251561100240735,0.027926374332118083,1.6203879731067337,0.10514896175851997,1.0462910329286974,0.9905616962381006,1.105155720985866,NPL_90
Model 2 (Core + LTV_MAX),usia_kendaraan_thn,0.08901094381306623,0.005629925782409725,15.8103227739119,2.641102343400502e-56,1.093092618862157,1.0810972439848197,1.105221089091692,NPL_90
Model 2 (Core + LTV_MAX),pinjaman_juta,0.3571465516189448,0.020238842988579885,17.646589373734006,1.0808992924178215e-69,1.429245312720855,1.3736606013702737,1.4870792406048692,NPL_90
Model 2 (Core + LTV_MAX),LTV_MAX,-2.3598064861944272,0.2476194509839728,-9.529972208633827,1.5732534105644955e-21,0.09443849658103518,0.058126611426362995,0.15343453570804919,NPL_90
Model 3 (Core + Zona LTV),Intercept,-4.039108950407285,0.08453360198423485,-47.78110544917465,0.0,0.017613159624254648,0.01492389341083549,0.020787028117222852,NPL_90
Model 3 (Core + Zona LTV),"C(kondisi_stnk, Treatment(reference='A/N SENDIRI'))[T.A/N ORANG LAIN]",0.7665114384882262,0.028658829536127438,26.746083175586733,1.3713621708563106e-157,2.152244903332326,2.034685303168014,2.2765968362319624,NPL_90
Model 3 (Core + Zona LTV),"C(pajak_status, Treatment(reference='Pajak Tidak Aktif'))[T.Pajak Aktif]",-0.027266347862389625,0.02468917163406296,-1.1043848804052625,0.2694262166596637,0.9731020233609582,0.9271348682339277,1.021348220537715,NPL_90
Model 3 (Core + Zona LTV),"C(merk_group, Treatment(reference='Honda'))[T.Kawasaki]",-0.01033711926262493,0.12154416520432346,-0.08504825587676361,0.932223027010179,0.9897161251322145,0.779923605630777,1.2559409681599605,NPL_90
Model 3 (Core + Zona LTV),"C(merk_group, Treatment(reference='Honda'))[T.LAINNYA]",-0.1531189012969561,0.19914528972931042,-0.7688803561715368,0.4419643398978407,0.8580276951401858,0.5807490768837529,1.2676929760750102,NPL_90
Model 3 (Core + Zona LTV),"C(merk_group, Treatment(reference='Honda'))[T.Yamaha]",0.09225898622510365,0.027941219035672867,3.301895529587151,0.0009603383098717594,1.0966488022393115,1.0382070170306874,1.1583803381453823,NPL_90
Model 3 (Core + Zona LTV),"C(zona_ltv_std, Treatment(reference='36%-40%'))[T.41%-50%]",0.17775359033159918,0.04442083702276633,4.00158129034124,6.29205706960667e-05,1.1945309409941567,1.0949299072807215,1.3031922495715986,NPL_90
Model 3 (Core + Zona LTV),"C(zona_ltv_std, Treatment(reference='36%-40%'))[T.<=35%]",-0.19068515571110756,0.027798357629601336,-6.8595835139574834,6.906159552228507e-12,0.8263927322287308,0.7825723228319127,0.8726668806905289,NPL_90
Model 3 (Core + Zona LTV),usia_kendaraan_thn,0.05436748512176913,0.005907653766939249,9.202889550843953,3.484509895536554e-20,1.0558725483204845,1.0437173304291598,1.0681693268793175,NPL_90
Model 3 (Core + Zona LTV),pinjaman_juta,0.21135960653325045,0.02133750175527415,9.905546064267206,3.938127795260215e-23,1.2353565174693315,1.1847583995604898,1.288115556572627,NPL_90
Model 4 (Full Enhanced Model),Intercept,-3.2352350520965927,0.097780932285681,-33.08656377548529,4.6378043847514516e-240,0.03935095432864305,0.03248807572464114,0.04766356800259693,NPL_90
Model 4 (Full Enhanced Model),"C(kondisi_stnk, Treatment(reference='A/N SENDIRI'))[T.A/N ORANG LAIN]",0.5345196971556349,0.028224282524874446,18.938291759393895,5.5157841164623045e-80,1.7066283469216426,1.614783868100605,1.8036966878684706,NPL_90
Model 4 (Full Enhanced Model),"C(pajak_status, Treatment(reference='Pajak Tidak Aktif'))[T.Pajak Aktif]",-0.027775287393474995,0.02537691251122814,-1.094510113520929,0.27373131422203556,0.972606899278287,0.9254148810651814,1.0222054992620064,NPL_90
Model 4 (Full Enhanced Model),"C(merk_group, Treatment(reference='Honda'))[T.Kawasaki]",-0.2286648248727932,0.1229391122853164,-1.859984350156272,0.0628877401459369,0.795595152527019,0.6252391532452489,1.0123672572952396,NPL_90
Model 4 (Full Enhanced Model),"C(merk_group, Treatment(reference='Honda'))[T.LAINNYA]",-0.29630724964222527,0.20016567920588996,-1.4803099653135057,0.13879054500743232,0.7435589347030712,0.5022663251282588,1.1007703716461237,NPL_90
Model 4 (Full Enhanced Model),"C(merk_group, Treatment(reference='Honda'))[T.Yamaha]",0.05476409455245943,0.028107191354588106,1.9484015269110109,0.0513669372677299,1.0562914003856045,0.9996750645938389,1.1161141875454337,NPL_90
Model 4 (Full Enhanced Model),usia_kendaraan_thn,0.08001977089112434,0.005686536368475228,14.071794446745203,5.661438826042605e-45,1.0833084854373534,1.0713016070859325,1.0954499338545638,NPL_90
Model 4 (Full Enhanced Model),pinjaman_juta,0.32145698474816653,0.020607216268617168,15.599243515375484,7.366178622391166e-55,1.3791356808815614,1.3245431175609825,1.4359783392956087,NPL_90
Model 4 (Full Enhanced Model),LTV_MAX,-2.2125461097420223,0.2483331925387295,-8.909586701330545,5.122315241752354e-19,0.10942169390084854,0.06725457565845905,0.1780266543786461,NPL_90
Model 4 (Full Enhanced Model),is_repeat_borrower,-1.2925231940085096,0.03432596175346361,-37.654391253235296,2.77276083811963e-310,0.2745770970194405,0.2567118978907605,0.2936855783743429,NPL_90
